congress,latestAction,number,originChamber,originChamberCode,title,type,updateDate,updateDateIncludingText,url
118,"{'actionDate': '2024-10-01', 'text': 'Placed on the Union Calendar, Calendar No. 599.'}",736,House,H,PROTECT Kids Act,HR,2024-10-02,2024-10-02,https://api.congress.gov/v3/bill/118/hr/736?format=json
118,"{'actionDate': '2024-10-01', 'text': 'Referred to the House Committee on Oversight and Accountability.'}",1529,House,H,"Expressing support for the designation of October 1 as ""National Science Day"".",HRES,2024-10-02,2024-10-02,https://api.congress.gov/v3/bill/118/hres/1529?format=json
118,"{'actionDate': '2024-10-01', 'text': 'Referred to the House Committee on Oversight and Accountability.'}",9891,House,H,"To designate the facility of the United States Postal Service located at 765 West Old Route 66 in Ash Fork, Arizona, as the ""Fayrene Hume Post Office Building"".",HR,2024-10-02,2024-10-02,https://api.congress.gov/v3/bill/118/hr/9891?format=json
118,"{'actionDate': '2024-10-01', 'text': 'Referred to the House Committee on Oversight and Accountability.'}",1530,House,H,"Recognizing the life, achievements, and public service of former President James Earl ""Jimmy"" Carter, Jr., on the occasion of his 100th birthday.",HRES,2024-10-02,2024-10-02,https://api.congress.gov/v3/bill/118/hres/1530?format=json
118,"{'actionDate': '2024-10-01', 'text': 'Referred to the House Committee on Transportation and Infrastructure.'}",9911,House,H,"To amend the Railway Labor Act to apply the provisions of such Act to maritime employers and employees in the maritime industry, and for other purposes.",HR,2024-10-02,2024-10-02,https://api.congress.gov/v3/bill/118/hr/9911?format=json
118,"{'actionDate': '2024-10-01', 'text': 'Referred to the House Committee on Agriculture.'}",9902,House,H,"To amend the Food Security Act of 1985 to allow for additional agricultural lands to be enrolled under the conservation reserve enhancement program, and for other purposes.",HR,2024-10-02,2024-10-02,https://api.congress.gov/v3/bill/118/hr/9902?format=json
118,"{'actionDate': '2024-10-01', 'text': 'Referred to the House Committee on Appropriations.'}",9905,House,H,"To make supplemental appropriations for disaster relief in response to Hurricane Helene, and for other purposes.",HR,2024-10-02,2024-10-02,https://api.congress.gov/v3/bill/118/hr/9905?format=json
118,"{'actionDate': '2024-10-01', 'text': 'Referred to the House Committee on the Judiciary.'}",9897,House,H,"To amend section 3559 of title 18, United States Code, to provide that a misdemeanor for which no punishment or no maximum punishment is prescribed by statute shall be punishable as a Class A misdemeanor.",HR,2024-10-02,2024-10-02,https://api.congress.gov/v3/bill/118/hr/9897?format=json
118,"{'actionDate': '2024-10-01', 'text': 'Referred to the Committee on the Judiciary, and in addition to the Committee on Oversight and Accountability, for a period to be subsequently determined by the Speaker, in each case for consideration of such provisions as fall within the jurisdiction of the committee concerned.'}",9895,House,H,"To limit the availability of Federal financial assistance for entities that aid or facilitate illegal immigration, and for other purposes.",HR,2024-10-02,2024-10-02,https://api.congress.gov/v3/bill/118/hr/9895?format=json
118,"{'actionDate': '2024-10-01', 'text': 'Referred to the Committee on the Judiciary, and in addition to the Committees on Foreign Affairs, Financial Services, and Ways and Means, for a period to be subsequently determined by the Speaker, in each case for consideration of such provisions as fall within the jurisdiction of the committee concerned.'}",1525,House,H,"Calling for comprehensive legislation that addresses United States policies contributing to forced migration and displacement, promotes an immigration system that addresses the root causes of migration, reaffirms United States commitment to asylum, and provides a roadmap to citizenship for immigrants living in the United States.",HRES,2024-10-02,2024-10-02,https://api.congress.gov/v3/bill/118/hres/1525?format=json
118,"{'actionDate': '2024-10-01', 'text': 'Referred to the House Committee on Small Business.'}",9904,House,H,"To prohibit certain business concerns from receiving assistance from the Small Business Administration, and for other purposes.",HR,2024-10-02,2024-10-02,https://api.congress.gov/v3/bill/118/hr/9904?format=json
118,"{'actionDate': '2024-10-01', 'text': 'Referred to the Committee on Homeland Security, and in addition to the Committees on the Judiciary, and Ways and Means, for a period to be subsequently determined by the Speaker, in each case for consideration of such provisions as fall within the jurisdiction of the committee concerned.'}",9896,House,H,"To transfer Homeland Security Investigations from U.S. Immigration and Customs Enforcement, redesignate U.S. Immigration and Customs Enforcement as U.S. Immigration Compliance Enforcement, and for other purposes.",HR,2024-10-02,2024-10-02,https://api.congress.gov/v3/bill/118/hr/9896?format=json
118,"{'actionDate': '2024-10-01', 'text': 'Referred to the House Committee on Natural Resources.'}",9908,House,H,"To direct the Secretary of the Interior, acting through the Director of the United States Geological Survey, to establish a grant program for monitoring wildfires by satellite.",HR,2024-10-02,2024-10-02,https://api.congress.gov/v3/bill/118/hr/9908?format=json
118,"{'actionDate': '2024-10-01', 'text': 'Referred to the House Committee on Energy and Commerce.'}",1527,House,H,"Recognizing October 2024 as ""American Pharmacists Month"" in honor of the contribution of pharmacists to provide safe, accessible, affordable, and beneficial patient care services and products to all residents and protect the public health of our communities.",HRES,2024-10-02,2024-10-02,https://api.congress.gov/v3/bill/118/hres/1527?format=json
118,"{'actionDate': '2024-10-01', 'text': 'Referred to the House Committee on Energy and Commerce.'}",9898,House,H,"To amend the Department of Energy Organization Act to secure midstream processing of critical materials, and for other purposes.",HR,2024-10-02,2024-10-02,https://api.congress.gov/v3/bill/118/hr/9898?format=json
118,"{'actionDate': '2024-10-01', 'text': 'Referred to the House Committee on Armed Services.'}",9900,House,H,To modify the National Security Commission on Emergency Biotechnology.,HR,2024-10-02,2024-10-02,https://api.congress.gov/v3/bill/118/hr/9900?format=json
118,"{'actionDate': '2024-10-01', 'text': 'Referred to the House Committee on Oversight and Accountability.'}",1524,House,H,Urging the people of the United States to observe the month of October 2024 as Italian and Italian-American Heritage Month.,HRES,2024-10-02,2024-10-02,https://api.congress.gov/v3/bill/118/hres/1524?format=json
118,"{'actionDate': '2024-10-01', 'text': 'Referred to the Committee on Education and the Workforce, and in addition to the Committees on Ways and Means, Agriculture, Energy and Commerce, and Financial Services, for a period to be subsequently determined by the Speaker, in each case for consideration of such provisions as fall within the jurisdiction of the committee concerned.'}",9901,House,H,"To enhance the supply of child care, and for other purposes.",HR,2024-10-02,2024-10-02,https://api.congress.gov/v3/bill/118/hr/9901?format=json
118,"{'actionDate': '2024-10-01', 'text': 'Referred to the House Committee on Energy and Commerce.'}",9893,House,H,"To improve dam and hydropower safety, and for other purposes.",HR,2024-10-02,2024-10-02,https://api.congress.gov/v3/bill/118/hr/9893?format=json
118,"{'actionDate': '2024-10-01', 'text': 'Referred to the House Committee on Ways and Means.'}",9909,House,H,To amend the Internal Revenue Code of 1986 to provide a credit for hazard mitigation projects in connection with certain working waterfront property.,HR,2024-10-02,2024-10-02,https://api.congress.gov/v3/bill/118/hr/9909?format=json
118,"{'actionDate': '2024-10-01', 'text': 'Referred to the House Committee on Education and the Workforce.'}",9906,House,H,"To amend the Elementary and Secondary Education Act of 1965 to require local educational agencies to develop emergency response and parental notification procedures for certain threats and emergencies, and for other purposes.",HR,2024-10-02,2024-10-02,https://api.congress.gov/v3/bill/118/hr/9906?format=json
118,"{'actionDate': '2024-10-01', 'text': 'Referred to the House Committee on Armed Services.'}",9903,House,H,"To provide personnel of the Department of Defense with increased access to training and education in artificial intelligence and machine learning, and for other purposes.",HR,2024-10-02,2024-10-02,https://api.congress.gov/v3/bill/118/hr/9903?format=json
118,"{'actionDate': '2024-10-01', 'text': 'Referred to the House Committee on Financial Services.'}",9890,House,H,"To amend the Fair Credit Reporting Act to require reporting certain positive consumer credit information, and for other purposes.",HR,2024-10-02,2024-10-02,https://api.congress.gov/v3/bill/118/hr/9890?format=json
118,"{'actionDate': '2024-10-01', 'text': 'Referred to the Committee on Energy and Commerce, and in addition to the Committees on Science, Space, and Technology, Education and the Workforce, and Foreign Affairs, for a period to be subsequently determined by the Speaker, in each case for consideration of such provisions as fall within the jurisdiction of the committee concerned.'}",9892,House,H,"To promote the use of smart technologies and systems in communities, and for other purposes.",HR,2024-10-02,2024-10-02,https://api.congress.gov/v3/bill/118/hr/9892?format=json
118,"{'actionDate': '2024-10-01', 'text': 'Referred to the Committee on Energy and Commerce, and in addition to the Committee on Education and the Workforce, for a period to be subsequently determined by the Speaker, in each case for consideration of such provisions as fall within the jurisdiction of the committee concerned.'}",9907,House,H,"To provide for a comprehensive Federal response to Long COVID, including research, education, and support for affected individuals, to direct the National Institutes of Health to establish a Long COVID research program, and for other purposes.",HR,2024-10-02,2024-10-02,https://api.congress.gov/v3/bill/118/hr/9907?format=json
118,"{'actionDate': '2024-10-01', 'text': 'Referred to the Committee on Transportation and Infrastructure, and in addition to the Committee on the Judiciary, for a period to be subsequently determined by the Speaker, in each case for consideration of such provisions as fall within the jurisdiction of the committee concerned.'}",9899,House,H,"To amend title 46, United States Code, to assign specified liability to a person who transfers title of a commercial vessel, or former commercial vessel, to a transferee for use as a recreational vessel if the transferee does not have applicable insurance at the time of the transfer and the vessel sinks, and for other purposes.",HR,2024-10-02,2024-10-02,https://api.congress.gov/v3/bill/118/hr/9899?format=json
118,"{'actionDate': '2024-10-01', 'text': 'Referred to the House Committee on Oversight and Accountability.'}",9910,House,H,"To amend title 5, United States Code, to increase the amount of military leave provided to Federal employees, and for other purposes.",HR,2024-10-02,2024-10-02,https://api.congress.gov/v3/bill/118/hr/9910?format=json
118,"{'actionDate': '2024-10-01', 'text': 'Referred to the House Committee on Agriculture.'}",1528,House,H,"Expressing support for the recognition of September 29, 2024, as ""International Day of Awareness of Food Loss and Waste"".",HRES,2024-10-02,2024-10-02,https://api.congress.gov/v3/bill/118/hres/1528?format=json
118,"{'actionDate': '2024-10-01', 'text': 'Referred to the House Committee on Energy and Commerce.'}",9894,House,H,To direct the Secretary of Energy to establish and carry out a program to provide rebates for the purchase and installation of cool roof products.,HR,2024-10-02,2024-10-02,https://api.congress.gov/v3/bill/118/hr/9894?format=json
118,"{'actionDate': '2024-10-01', 'text': 'Referred to the House Committee on Oversight and Accountability.'}",1526,House,H,"Recognizing the week of September 30th as ""National Orange Shirt Week"" or ""National Week of Remembrance"", which aims to honor those who were forced to attend Indian boarding schools, and to recognize the experience of Indian boarding school victims and survivors.",HRES,2024-10-02,2024-10-02,https://api.congress.gov/v3/bill/118/hres/1526?format=json
118,"{'actionDate': '2024-09-30', 'text': 'Signed by President.'}",7032,House,H,Congressional Budget Office Data Sharing Act,HR,2024-10-02,2024-10-02,https://api.congress.gov/v3/bill/118/hr/7032?format=json
118,"{'actionDate': '2024-09-30', 'text': 'Signed by President.'}",3764,Senate,S,United States Commission on International Religious Freedom Reauthorization Act of 2024,S,2024-10-01,2024-10-01,https://api.congress.gov/v3/bill/118/s/3764?format=json
118,"{'actionDate': '2024-09-27', 'actionTime': '10:35:57', 'text': 'Held at the desk.'}",3475,Senate,S,Strengthening the Commercial Driver’s License Information System Act,S,2024-09-28,2024-09-28,https://api.congress.gov/v3/bill/118/s/3475?format=json
118,"{'actionDate': '2024-09-27', 'text': 'Referred to the House Committee on Armed Services.'}",9865,House,H,"To amend title 10, United States Code, to ensure that members of the Armed Forces and their families have access to the contraception they need in order to promote the health and readiness of all members of the Armed Forces, and for other purposes.",HR,2024-09-28,2024-09-28,https://api.congress.gov/v3/bill/118/hr/9865?format=json
118,"{'actionDate': '2024-09-27', 'text': 'Referred to the House Committee on the Judiciary.'}",9871,House,H,To establish grants to combat opioid trafficking.,HR,2024-09-28,2024-09-28,https://api.congress.gov/v3/bill/118/hr/9871?format=json
118,"{'actionDate': '2024-09-27', 'text': 'Referred to the House Committee on Foreign Affairs.'}",9867,House,H,"To establish a verifiable international terrestrial ecosystem services conservation program and provide international technical assistance for the development of markets, and for other purposes.",HR,2024-09-28,2024-09-28,https://api.congress.gov/v3/bill/118/hr/9867?format=json
118,"{'actionDate': '2024-09-27', 'text': 'Referred to the House Committee on Oversight and Accountability.'}",1520,House,H,"Expressing support for the designation of October 8, 2024, as ""National Hydrogen and Fuel Cell Day"".",HRES,2024-10-01,2024-10-01,https://api.congress.gov/v3/bill/118/hres/1520?format=json
118,"{'actionDate': '2024-09-27', 'text': 'Referred to the Committee on Energy and Commerce, and in addition to the Committee on Transportation and Infrastructure, for a period to be subsequently determined by the Speaker, in each case for consideration of such provisions as fall within the jurisdiction of the committee concerned.'}",9888,House,H,"To direct the Secretary of Transportation to update guidance for the National Electric Vehicle Infrastructure Formula Program to increase the flexibility of States related to the location of electric vehicle charging infrastructure, and for other purposes.",HR,2024-09-28,2024-09-28,https://api.congress.gov/v3/bill/118/hr/9888?format=json
118,"{'actionDate': '2024-09-27', 'actionTime': '10:04:20', 'text': 'Held at the desk.'}",5292,Senate,S,A bill to amend the Don Young Coast Guard Authorization Act of 2022 to modify a provision relating to the acquisition of a Coast Guard icebreaker.,S,2024-09-28,2024-10-01,https://api.congress.gov/v3/bill/118/s/5292?format=json
118,"{'actionDate': '2024-09-27', 'actionTime': '10:04:12', 'text': 'Held at the desk.'}",5284,Senate,S,Lieutenant Osvaldo Albarati Stopping Prison Contraband Act,S,2024-09-28,2024-10-01,https://api.congress.gov/v3/bill/118/s/5284?format=json
118,"{'actionDate': '2024-09-27', 'text': 'Referred to the Committee on Energy and Commerce, and in addition to the Committee on the Judiciary, for a period to be subsequently determined by the Speaker, in each case for consideration of such provisions as fall within the jurisdiction of the committee concerned.'}",9886,House,H,To require the Administrator of the Drug Enforcement Administration to temporarily exempt buprenorphine from the Suspicious Orders Report System for the remainder of the opioid public health emergency.,HR,2024-09-28,2024-09-28,https://api.congress.gov/v3/bill/118/hr/9886?format=json
118,"{'actionDate': '2024-09-27', 'actionTime': '10:04:10', 'text': 'Held at the desk.'}",4489,Senate,S,"A bill to designate the Federal building located at 50 United Nations Plaza in San Francisco, California, as the ""Senator Dianne Feinstein Federal Building,"" and for other purposes.",S,2024-09-28,2024-09-28,https://api.congress.gov/v3/bill/118/s/4489?format=json
118,"{'actionDate': '2024-09-27', 'actionTime': '10:04:07', 'text': 'Held at the desk.'}",4293,Senate,S,"A bill to designate the United States courthouse annex located at 310 South Main Street in London, Kentucky, as the ""Eugene E. Siler, Jr. United States Courthouse Annex"".",S,2024-09-28,2024-09-28,https://api.congress.gov/v3/bill/118/s/4293?format=json
118,"{'actionDate': '2024-09-27', 'actionTime': '10:04:06', 'text': 'Held at the desk.'}",3698,Senate,S,Words Matter for the District of Columbia Courts Act,S,2024-10-02,2024-10-02,https://api.congress.gov/v3/bill/118/s/3698?format=json
118,"{'actionDate': '2024-09-27', 'text': 'Referred to the House Committee on Financial Services.'}",9877,House,H,"To impose limitations on the amount of unobligated balances of the Bureau of Consumer Financial Protection, and for other purposes.",HR,2024-09-28,2024-09-28,https://api.congress.gov/v3/bill/118/hr/9877?format=json
118,"{'actionDate': '2024-09-27', 'text': 'Referred to the House Committee on Education and the Workforce.'}",9878,House,H,"To amend the Richard B. Russell National School Lunch Act to require mandatory certification for certain students and reduce stigma associated with unpaid school meal fees, and for other purposes.",HR,2024-10-02,2024-10-02,https://api.congress.gov/v3/bill/118/hr/9878?format=json
118,"{'actionDate': '2024-09-27', 'actionTime': '10:03:49', 'text': 'Held at the desk.'}",1570,Senate,S,Bottles and Breastfeeding Equipment Screening Enhancement Act,S,2024-09-28,2024-09-28,https://api.congress.gov/v3/bill/118/s/1570?format=json
118,"{'actionDate': '2024-09-27', 'text': 'Referred to the House Committee on Natural Resources.'}",9860,House,H,To redesignate Camp Nelson National Monument.,HR,2024-09-28,2024-09-28,https://api.congress.gov/v3/bill/118/hr/9860?format=json
118,"{'actionDate': '2024-09-27', 'actionTime': '10:03:42', 'text': 'Held at the desk.'}",275,Senate,S,Rural Broadband Protection Act of 2024,S,2024-09-28,2024-09-28,https://api.congress.gov/v3/bill/118/s/275?format=json
118,"{'actionDate': '2024-09-27', 'text': ""Referred to the Committee on Armed Services, and in addition to the Committees on Oversight and Accountability, Veterans' Affairs, and Energy and Commerce, for a period to be subsequently determined by the Speaker, in each case for consideration of such provisions as fall within the jurisdiction of the committee concerned.""}",9870,House,H,"To improve the provision of benefits and services to members of the Ready Reserve Corps of the Public Health Service, and for other purposes.",HR,2024-09-28,2024-09-28,https://api.congress.gov/v3/bill/118/hr/9870?format=json
118,"{'actionDate': '2024-09-27', 'actionTime': '10:03:34', 'text': 'Held at the desk.'}",91,Senate,S,Forgotten Heroes of the Holocaust Congressional Gold Medal Act,S,2024-09-28,2024-09-28,https://api.congress.gov/v3/bill/118/s/91?format=json
118,"{'actionDate': '2024-09-27', 'text': 'Referred to the House Committee on Science, Space, and Technology.'}",9861,House,H,"To amend the Energy Act of 2020 to direct the Secretary of Energy to establish a demonstration program for on-site treatment of produced water, and for other purposes.",HR,2024-09-28,2024-09-28,https://api.congress.gov/v3/bill/118/hr/9861?format=json
118,"{'actionDate': '2024-09-27', 'text': 'Referred to the Committee on Agriculture, and in addition to the Committee on Natural Resources, for a period to be subsequently determined by the Speaker, in each case for consideration of such provisions as fall within the jurisdiction of the committee concerned.'}",9887,House,H,To assist Indian Tribes in protecting Native American seeds.,HR,2024-09-28,2024-09-28,https://api.congress.gov/v3/bill/118/hr/9887?format=json
118,"{'actionDate': '2024-09-27', 'text': 'Referred to the House Committee on Natural Resources.'}",9883,House,H,"To prohibit the implementation of the Proposed Resource Management Plan Amendment and Final Supplemental Environmental Impact Statement for the Miles City Field Office, Montana.",HR,2024-09-28,2024-09-28,https://api.congress.gov/v3/bill/118/hr/9883?format=json
118,"{'actionDate': '2024-09-27', 'text': 'Referred to the Committee on Armed Services, and in addition to the Committee on Education and the Workforce, for a period to be subsequently determined by the Speaker, in each case for consideration of such provisions as fall within the jurisdiction of the committee concerned.'}",9869,House,H,"To make dependents of members of the Armed Forces who died while serving on active duty eligible for enrollment in Department of Defense Education Activity schools on a tuition-free, space-available basis.",HR,2024-09-28,2024-09-28,https://api.congress.gov/v3/bill/118/hr/9869?format=json
118,"{'actionDate': '2024-09-27', 'text': 'Referred to the House Committee on Energy and Commerce.'}",9885,House,H,"To amend the Clean Air Act with respect to the ethanol waiver for Reid Vapor Pressure under that Act, and for other purposes.",HR,2024-10-02,2024-10-02,https://api.congress.gov/v3/bill/118/hr/9885?format=json
118,"{'actionDate': '2024-09-27', 'text': 'Referred to the House Committee on Energy and Commerce.'}",9864,House,H,"To amend the Federal Food, Drug, and Cosmetic Act to prohibit the introduction or delivery for introduction into interstate commerce of food packaging containing intentionally added PFAS, and for other purposes.",HR,2024-09-28,2024-09-28,https://api.congress.gov/v3/bill/118/hr/9864?format=json
118,"{'actionDate': '2024-09-27', 'text': 'Referred to the Committee on Ways and Means, and in addition to the Committee on Education and the Workforce, for a period to be subsequently determined by the Speaker, in each case for consideration of such provisions as fall within the jurisdiction of the committee concerned.'}",9881,House,H,"To direct the Commissioner of Social Security to establish American Dream Accounts for every child born in the United States, and for other purposes.",HR,2024-09-28,2024-09-28,https://api.congress.gov/v3/bill/118/hr/9881?format=json
118,"{'actionDate': '2024-09-27', 'text': 'Referred to the Committee on Appropriations, and in addition to the Committee on the Budget, for a period to be subsequently determined by the Speaker, in each case for consideration of such provisions as fall within the jurisdiction of the committee concerned.'}",9889,House,H,"Making emergency supplemental appropriations for disaster relief for the fiscal year ending September 30, 2024, and for other purposes.",HR,2024-09-28,2024-09-28,https://api.congress.gov/v3/bill/118/hr/9889?format=json
118,"{'actionDate': '2024-09-27', 'text': 'Referred to the House Committee on Education and the Workforce.'}",9875,House,H,"To establish an independent Children's Commission and position of Commissioner, and for other purposes.",HR,2024-10-02,2024-10-02,https://api.congress.gov/v3/bill/118/hr/9875?format=json
118,"{'actionDate': '2024-09-27', 'text': 'Referred to the Committee on Energy and Commerce, and in addition to the Committees on the Judiciary, and Ways and Means, for a period to be subsequently determined by the Speaker, in each case for consideration of such provisions as fall within the jurisdiction of the committee concerned.'}",9874,House,H,"To prohibit the performance of gender-related medical treatment on minors, to amend title XVIII of the Social Security Act to prohibit payment and participation under the Medicare program with respect to such treatment, and for other purposes.",HR,2024-09-28,2024-09-28,https://api.congress.gov/v3/bill/118/hr/9874?format=json
118,"{'actionDate': '2024-09-27', 'text': 'Referred to the House Committee on Agriculture.'}",9863,House,H,"To direct the Secretary of Agriculture to continue to carry out the Resilient Food Systems Infrastructure program, and for other purposes.",HR,2024-09-28,2024-09-28,https://api.congress.gov/v3/bill/118/hr/9863?format=json
118,"{'actionDate': '2024-09-27', 'text': 'Referred to the Committee on Education and the Workforce, and in addition to the Committees on Ways and Means, and Oversight and Accountability, for a period to be subsequently determined by the Speaker, in each case for consideration of such provisions as fall within the jurisdiction of the committee concerned.'}",9873,House,H,To amend the Fair Labor Standards Act of 1938 and the Internal Revenue Code of 1986 to make certain modifications in relation to the minimum wage.,HR,2024-09-28,2024-09-28,https://api.congress.gov/v3/bill/118/hr/9873?format=json
118,"{'actionDate': '2024-09-27', 'text': 'Referred to the Committee on Energy and Commerce, and in addition to the Committee on the Judiciary, for a period to be subsequently determined by the Speaker, in each case for consideration of such provisions as fall within the jurisdiction of the committee concerned.'}",9879,House,H,"To amend the Controlled Substances Act to clarify how controlled substance analogues that are imported or offered for import are to be regulated, and for other purposes.",HR,2024-09-28,2024-09-28,https://api.congress.gov/v3/bill/118/hr/9879?format=json
118,"{'actionDate': '2024-09-27', 'text': 'Referred to the House Committee on Education and the Workforce.'}",1523,House,H,"Recognizing the 100th anniversary of Booker T. Washington High School in Atlanta, Georgia.",HRES,2024-09-28,2024-09-28,https://api.congress.gov/v3/bill/118/hres/1523?format=json
118,"{'actionDate': '2024-09-27', 'text': 'Referred to the House Committee on the Judiciary.'}",9868,House,H,"To amend title 28, United States Code, to clarify the availability of Federal habeas corpus relief for a person who is sentenced to death though actually innocent.",HR,2024-09-28,2024-09-28,https://api.congress.gov/v3/bill/118/hr/9868?format=json
118,"{'actionDate': '2024-09-27', 'text': 'Referred to the House Committee on Energy and Commerce.'}",9882,House,H,"To amend title XIX of the Social Security Act to permit States to apply a work requirement for nondisabled, nonelderly, nonpregnant adults under Medicaid.",HR,2024-09-28,2024-09-28,https://api.congress.gov/v3/bill/118/hr/9882?format=json
118,"{'actionDate': '2024-09-27', 'text': 'Referred to the House Committee on the Judiciary.'}",9884,House,H,"To amend title 28, United States Code, to preclude a President from controlling the conduct of an investigation into the President by the Department of Justice.",HR,2024-09-28,2024-09-28,https://api.congress.gov/v3/bill/118/hr/9884?format=json
118,"{'actionDate': '2024-09-27', 'text': 'Referred to the House Committee on Natural Resources.'}",9859,House,H,To direct the Director of the Bureau of Land Management and the Chief of the United States Forest Service to conduct a study of onshore mineral values and the Director of the Bureau of Ocean Energy Management to conduct a study of offshore mineral values.,HR,2024-10-02,2024-10-02,https://api.congress.gov/v3/bill/118/hr/9859?format=json
118,"{'actionDate': '2024-09-27', 'text': 'Referred to the House Committee on the Judiciary.'}",210,House,H,"Proposing an amendment to the Constitution of the United States to prohibit persons who are not citizens, nationals, or lawful permanent residents of the United States from voting in elections.",HJRES,2024-09-28,2024-09-28,https://api.congress.gov/v3/bill/118/hjres/210?format=json
118,"{'actionDate': '2024-09-27', 'text': 'Referred to the House Committee on Energy and Commerce.'}",1521,House,H,"Expressing support for the designation of September 30, 2024, as ""Rare Cancer Day"" to highlight the challenges patients with rare cancers face and to raise awareness and support efforts to improve early diagnosis and treatment.",HRES,2024-09-28,2024-09-28,https://api.congress.gov/v3/bill/118/hres/1521?format=json
118,"{'actionDate': '2024-09-27', 'text': 'Referred to the House Committee on Energy and Commerce.'}",9866,House,H,To direct the Secretary of Health and Human Services to conduct a study and submit to Congress a report on contraceptive access at community health centers in health care deserts.,HR,2024-09-28,2024-09-28,https://api.congress.gov/v3/bill/118/hr/9866?format=json
118,"{'actionDate': '2024-09-27', 'text': 'Referred to the House Committee on Energy and Commerce.'}",9872,House,H,To establish a program to address sickle cell disease and other heritable hemoglobinopathies.,HR,2024-09-28,2024-09-28,https://api.congress.gov/v3/bill/118/hr/9872?format=json
118,"{'actionDate': '2024-09-27', 'text': 'Referred to the Committee on Small Business, and in addition to the Committees on Education and the Workforce, and Ways and Means, for a period to be subsequently determined by the Speaker, in each case for consideration of such provisions as fall within the jurisdiction of the committee concerned.'}",9880,House,H,"To amend the Small Business Act to establish the Entrepreneurship Corps National Service Program, and for other purposes.",HR,2024-09-28,2024-09-28,https://api.congress.gov/v3/bill/118/hr/9880?format=json
118,"{'actionDate': '2024-09-27', 'text': 'Referred to the House Committee on Ways and Means.'}",9876,House,H,"To authorize the appropriate administrative authorities to impose certain restrictions with respect to the Republic of Korea, and for other purposes.",HR,2024-09-28,2024-09-28,https://api.congress.gov/v3/bill/118/hr/9876?format=json
118,"{'actionDate': '2024-09-27', 'text': 'Referred to the House Committee on Ways and Means.'}",9862,House,H,To amend the Internal Revenue Code of 1986 to allow for the reallocation of unused volume cap for private activity bonds for qualified residential rental projects.,HR,2024-10-02,2024-10-02,https://api.congress.gov/v3/bill/118/hr/9862?format=json
118,"{'actionDate': '2024-09-27', 'text': 'Referred to the House Committee on Oversight and Accountability.'}",1522,House,H,"Supporting the designation of ""Macedonian American Heritage Month"" and celebrating the language, history, and culture of Macedonian Americans and their incredible contributions to the United States.",HRES,2024-10-02,2024-10-02,https://api.congress.gov/v3/bill/118/hres/1522?format=json
118,"{'actionDate': '2024-09-26', 'text': 'Became Public Law No: 118-83.'}",9747,House,H,"Continuing Appropriations and Extensions Act, 2025",HR,2024-10-02,2024-10-02,https://api.congress.gov/v3/bill/118/hr/9747?format=json
118,"{'actionDate': '2024-09-26', 'text': 'Became Public Law No: 118-86.'}",4351,Senate,S,Poison Control Centers Reauthorization Act of 2024,S,2024-10-01,2024-10-01,https://api.congress.gov/v3/bill/118/s/4351?format=json
118,"{'actionDate': '2024-09-26', 'text': 'Became Public Law No: 118-88.'}",2861,Senate,S,Billie Jean King Congressional Gold Medal Act,S,2024-09-29,2024-09-29,https://api.congress.gov/v3/bill/118/s/2861?format=json
118,"{'actionDate': '2024-09-26', 'text': 'Became Public Law No: 118-87.'}",2825,Senate,S,Dustoff Crews of the Vietnam War Congressional Gold Medal Act,S,2024-09-29,2024-09-29,https://api.congress.gov/v3/bill/118/s/2825?format=json
118,"{'actionDate': '2024-09-26', 'text': 'Became Public Law No: 118-84.'}",265,Senate,S,SIREN Reauthorization Act,S,2024-10-01,2024-10-01,https://api.congress.gov/v3/bill/118/s/265?format=json
118,"{'actionDate': '2024-09-26', 'text': 'Became Public Law No: 118-85.'}",1648,Senate,S,Launch Communications Act,S,2024-10-01,2024-10-01,https://api.congress.gov/v3/bill/118/s/1648?format=json
118,"{'actionDate': '2024-09-26', 'text': 'Presented to President.'}",794,Senate,S,CTPAT Pilot Program Act of 2023,S,2024-09-29,2024-09-29,https://api.congress.gov/v3/bill/118/s/794?format=json
118,"{'actionDate': '2024-09-26', 'text': 'Presented to President.'}",679,Senate,S,GAO Database Modernization Act of 2023,S,2024-09-29,2024-09-29,https://api.congress.gov/v3/bill/118/s/679?format=json
118,"{'actionDate': '2024-09-26', 'text': 'Presented to President.'}",670,Senate,S,IMPACTT Human Trafficking Act,S,2024-09-29,2024-09-29,https://api.congress.gov/v3/bill/118/s/670?format=json
118,"{'actionDate': '2024-09-26', 'text': 'Presented to President.'}",656,Senate,S,Veteran Improvement Commercial Driver License Act of 2023,S,2024-09-29,2024-09-29,https://api.congress.gov/v3/bill/118/s/656?format=json
118,"{'actionDate': '2024-09-26', 'text': 'Presented to President.'}",612,Senate,S,Lake Tahoe Restoration Reauthorization Act,S,2024-10-02,2024-10-02,https://api.congress.gov/v3/bill/118/s/612?format=json
118,"{'actionDate': '2024-09-26', 'text': 'Presented to President.'}",4698,Senate,S,DHS Joint Task Forces Reauthorization Act of 2024,S,2024-10-02,2024-10-02,https://api.congress.gov/v3/bill/118/s/4698?format=json
118,"{'actionDate': '2024-09-26', 'text': 'Presented to President.'}",3851,Senate,S,"A bill to designate the facility of the United States Postal Service located at 90 McCamly Street South in Battle Creek, Michigan, as the ""Sojourner Truth Post Office"".",S,2024-09-27,2024-09-27,https://api.congress.gov/v3/bill/118/s/3851?format=json
118,"{'actionDate': '2024-09-26', 'text': 'Presented to President.'}",3640,Senate,S,"A bill to designate the facility of the United States Postal Service located at 155 South Main Street in Mount Clemens, Michigan, as the ""Lieutenant Colonel Alexander Jefferson Post Office"".",S,2024-09-27,2024-09-27,https://api.congress.gov/v3/bill/118/s/3640?format=json
118,"{'actionDate': '2024-09-26', 'text': 'Presented to President.'}",3639,Senate,S,"A bill to designate the facility of the United States Postal Service located at 2075 West Stadium Boulevard in Ann Arbor, Michigan, as the ""Robert Hayden Post Office"".",S,2024-09-27,2024-09-27,https://api.congress.gov/v3/bill/118/s/3639?format=json
118,"{'actionDate': '2024-09-26', 'text': 'Presented to President.'}",2685,Senate,S,Reuse Excess Property Act,S,2024-09-29,2024-09-29,https://api.congress.gov/v3/bill/118/s/2685?format=json
118,"{'actionDate': '2024-09-26', 'text': 'Presented to President.'}",1549,Senate,S,Congressional Budget Office Data Access Act,S,2024-09-29,2024-09-29,https://api.congress.gov/v3/bill/118/s/1549?format=json
118,"{'actionDate': '2024-09-26', 'text': 'Presented to President.'}",134,Senate,S,Alzheimer’s Accountability and Investment Act,S,2024-09-29,2024-09-29,https://api.congress.gov/v3/bill/118/s/134?format=json
118,"{'actionDate': '2024-09-26', 'text': 'Presented to President.'}",133,Senate,S,NAPA Reauthorization Act,S,2024-09-29,2024-09-29,https://api.congress.gov/v3/bill/118/s/133?format=json
118,"{'actionDate': '2024-09-26', 'text': 'Message on Senate action sent to the House.'}",888,Senate,S,"A resolution honoring the life of James Ralph Sasser, former Senator for the State of Tennessee.",SRES,2024-09-27,2024-10-01,https://api.congress.gov/v3/bill/118/sres/888?format=json
118,"{'actionDate': '2024-09-26', 'text': 'Message on Senate action sent to the House.'}",7777,House,H,Veterans’ Compensation Cost-of-Living Adjustment Act of 2024,HR,2024-09-28,2024-09-28,https://api.congress.gov/v3/bill/118/hr/7777?format=json
118,"{'actionDate': '2024-09-26', 'text': 'Message on Senate action sent to the House.'}",7189,House,H,Congenital Heart Futures Reauthorization Act of 2024,HR,2024-10-02,2024-10-02,https://api.congress.gov/v3/bill/118/hr/7189?format=json
118,"{'actionDate': '2024-09-26', 'text': 'Message on Senate action sent to the House.'}",4190,House,H,Restoring Benefits to Defrauded Veterans Act,HR,2024-10-02,2024-10-02,https://api.congress.gov/v3/bill/118/hr/4190?format=json
118,"{'actionDate': '2024-09-26', 'text': 'Message on Senate action sent to the House.'}",127,House,H,Authorizing the use of Emancipation Hall in the Capitol Visitor Center for the unveiling of a statue of Martha Hughes Cannon.,HCONRES,2024-09-27,2024-10-01,https://api.congress.gov/v3/bill/118/hconres/127?format=json
118,"{'actionDate': '2024-09-25', 'text': 'Ordered to be Reported (Amended) by the Yeas and Nays: 17 - 13.'}",5729,House,H,"To prohibit the use of Federal funds to establish a Homeland Intelligence Experts Group, and for other purposes.",HR,2024-10-02,2024-10-02,https://api.congress.gov/v3/bill/118/hr/5729?format=json
118,"{'actionDate': '2024-09-25', 'text': 'Ordered to be Reported by Voice Vote.'}",9762,House,H,"To amend the Homeland Security Act of 2002 to provide explicit authority for the Secretary of Homeland Security and the Director of the Cybersecurity and Infrastructure Security Agency to work with international partners on cybersecurity, and for other purposes.",HR,2024-10-02,2024-10-02,https://api.congress.gov/v3/bill/118/hr/9762?format=json
118,"{'actionDate': '2024-09-25', 'text': 'Referred to the Committee on Foreign Relations. (text: CR S6461)'}",890,Senate,S,"A resolution condemning the brutal Hamas-led terrorist attack on Israel on October 7, 2023, and supporting an outcome that ensures the forever survival of Israel, the complete denial of the ability of Hamas to reconstitute in the region, and the safe release of United States hostages from the Gaza Strip.",SRES,2024-09-26,2024-09-26,https://api.congress.gov/v3/bill/118/sres/890?format=json
118,"{'actionDate': '2024-09-25', 'text': 'Resolution agreed to in Senate with an amendment and an amended preamble by Unanimous Consent. (text: CR S6468-6469)'}",805,Senate,S,A resolution commemorating the tenth anniversary of the murder of James Wright Foley and calling for the moral courage to prioritize the return of Americans held captive abroad and take all necessary efforts to deter international hostage taking and arbitrary detention.,SRES,2024-10-01,2024-10-02,https://api.congress.gov/v3/bill/118/sres/805?format=json
118,"{'actionDate': '2024-09-25', 'text': 'Submitted in the Senate, considered, and agreed to without amendment and with a preamble by Unanimous Consent. (consideration: CR S6467; text: CR S6460)'}",887,Senate,S,"A resolution expressing support for the designation of October 7 through October 12, 2024, as ""National 4-H Week"".",SRES,2024-09-26,2024-10-01,https://api.congress.gov/v3/bill/118/sres/887?format=json
118,"{'actionDate': '2024-09-25', 'text': 'Submitted in the Senate, considered, and agreed to without amendment and with a preamble by Unanimous Consent. (consideration: CR S6467; text: CR S6459-6460)'}",886,Senate,S,"A resolution expressing support for the designation of the week of October 24, 2024, to October 31, 2024, as ""Bat Week"".",SRES,2024-09-26,2024-10-02,https://api.congress.gov/v3/bill/118/sres/886?format=json
118,"{'actionDate': '2024-09-25', 'text': 'Submitted in the Senate, considered, and agreed to without amendment and with a preamble by Unanimous Consent. (consideration: CR S6467; text: CR S6459)'}",885,Senate,S,"A resolution designating October 2, 2024, as ""Energy Efficiency Day"" in celebration of the economic and environmental benefits that have been driven by private sector innovation and Federal energy efficiency policies.",SRES,2024-09-26,2024-10-01,https://api.congress.gov/v3/bill/118/sres/885?format=json
118,"{'actionDate': '2024-09-25', 'text': 'Submitted in the Senate, considered, and agreed to without amendment and with a preamble by Unanimous Consent. (consideration: CR S6467; text: CR S6459)'}",884,Senate,S,"A resolution designating the week of September 22 through September 28, 2024, as ""Gold Star Families Remembrance Week"".",SRES,2024-09-26,2024-10-01,https://api.congress.gov/v3/bill/118/sres/884?format=json
118,"{'actionDate': '2024-09-25', 'text': 'Submitted in the Senate, considered, and agreed to without amendment and with a preamble by Unanimous Consent. (consideration: CR S6467; text: CR S6458-6459)'}",883,Senate,S,A resolution recognizing Big Brothers Big Sisters of America on its 120th anniversary.,SRES,2024-10-02,2024-10-02,https://api.congress.gov/v3/bill/118/sres/883?format=json
118,"{'actionDate': '2024-09-25', 'text': 'Submitted in the Senate, considered, and agreed to without amendment and with a preamble by Unanimous Consent. (consideration: CR S6467; text: CR S6458)'}",882,Senate,S,"A resolution designating the week of September 23 through September 27, 2024, as ""National Clean Energy Week"".",SRES,2024-10-02,2024-10-02,https://api.congress.gov/v3/bill/118/sres/882?format=json
118,"{'actionDate': '2024-09-25', 'text': 'Submitted in the Senate, considered, and agreed to without amendment and with a preamble by Unanimous Consent. (consideration: CR S6467; text: CR S6458)'}",881,Senate,S,"A resolution designating October 26, 2024, as the ""Day of the Deployed"".",SRES,2024-09-26,2024-10-01,https://api.congress.gov/v3/bill/118/sres/881?format=json
118,"{'actionDate': '2024-09-25', 'text': 'Submitted in the Senate, considered, and agreed to without amendment and with a preamble by Unanimous Consent. (consideration: CR S6467; text: CR S6458)'}",880,Senate,S,"A resolution supporting afterschool programs and Lights On Afterschool, a national celebration of afterschool programs held on October 24, 2024.",SRES,2024-10-02,2024-10-02,https://api.congress.gov/v3/bill/118/sres/880?format=json
118,"{'actionDate': '2024-09-25', 'text': 'Submitted in the Senate, considered, and agreed to without amendment by Unanimous Consent. (consideration: CR S6467; text: CR S6457)'}",879,Senate,S,"A resolution permitting the collection of clothing, toys, food, and housewares during the holiday season for charitable purposes in Senate buildings.",SRES,2024-09-26,2024-10-01,https://api.congress.gov/v3/bill/118/sres/879?format=json
118,"{'actionDate': '2024-09-25', 'text': 'Submitted in the Senate, considered, and agreed to without amendment and with a preamble by Unanimous Consent. (consideration: CR S6467; text: CR S6457)'}",878,Senate,S,"A resolution honoring the life, legacy, and contributions of James Earl Jones.",SRES,2024-09-26,2024-10-01,https://api.congress.gov/v3/bill/118/sres/878?format=json
118,"{'actionDate': '2024-09-25', 'text': 'Submitted in the Senate, considered, and agreed to without amendment and with a preamble by Unanimous Consent. (consideration: CR S6467; text: CR S6457)'}",877,Senate,S,"A resolution designating the week of October 6, 2024, through October 12, 2024, as ""National Community Policing Week"".",SRES,2024-10-02,2024-10-02,https://api.congress.gov/v3/bill/118/sres/877?format=json
118,"{'actionDate': '2024-09-25', 'text': 'Submitted in the Senate, considered, and agreed to without amendment and with a preamble by Unanimous Consent. (consideration: CR S6467; text: CR S6456-6457)'}",876,Senate,S,"A resolution designating October 2024 as ""National Principals Month"".",SRES,2024-09-26,2024-10-01,https://api.congress.gov/v3/bill/118/sres/876?format=json
118,"{'actionDate': '2024-09-25', 'text': 'Received in the Senate. Read twice. Placed on Senate Legislative Calendar under General Orders. Calendar No. 545.'}",4596,House,H,Upper Colorado and San Juan River Basins Endangered Fish Recovery Programs Reauthorization Act of 2024,HR,2024-10-01,2024-10-01,https://api.congress.gov/v3/bill/118/hr/4596?format=json
118,"{'actionDate': '2024-09-25', 'text': 'Received in the Senate. Read twice. Placed on Senate Legislative Calendar under General Orders. Calendar No. 546.'}",5490,House,H,Bolstering Ecosystems Against Coastal Harm Act,HR,2024-10-01,2024-10-01,https://api.congress.gov/v3/bill/118/hr/5490?format=json
118,"{'actionDate': '2024-09-25', 'text': 'Referred to the Committee on the Judiciary. (text: CR S6462)'}",43,Senate,S,"A concurrent resolution expressing support for the designation of September 29, 2024, as ""Veterans of Foreign Wars of the United States Day"".",SCONRES,2024-10-02,2024-10-02,https://api.congress.gov/v3/bill/118/sconres/43?format=json
118,"{'actionDate': '2024-09-25', 'text': 'Referred to the Committee on the Judiciary. (text: CR S6460-6461)'}",889,Senate,S,"A resolution designating October 30, 2024, as a national day of remembrance for the workers of the nuclear weapons program of the United States.",SRES,2024-09-26,2024-09-26,https://api.congress.gov/v3/bill/118/sres/889?format=json
118,"{'actionDate': '2024-09-25', 'text': 'By Senator Carper from Committee on Environment and Public Works filed written report. Report No. 118-233.'}",3891,Senate,S,Economic Development Reauthorization Act of 2024,S,2024-09-26,2024-09-26,https://api.congress.gov/v3/bill/118/s/3891?format=json
118,"{'actionDate': '2024-09-25', 'text': 'Placed on Senate Legislative Calendar under General Orders. Calendar No. 543.'}",7607,House,H,"To designate the facility of the United States Postal Service located at Block 1025, Lots 18 & 19, Northeast Corner of US Route 9 South and Main Street in the Township of Middle, County of Cape May, New Jersey, as the ""George Henry White Post Office Building"".",HR,2024-09-27,2024-10-01,https://api.congress.gov/v3/bill/118/hr/7607?format=json
118,"{'actionDate': '2024-09-25', 'text': 'Placed on Senate Legislative Calendar under General Orders. Calendar No. 542.'}",7606,House,H,"To designate the facility of the United States Postal Service located at 1087 Route 47 South in Rio Grande, New Jersey, as the ""Carlton H. Hand Post Office Building"".",HR,2024-09-27,2024-10-01,https://api.congress.gov/v3/bill/118/hr/7606?format=json
118,"{'actionDate': '2024-09-25', 'text': 'Placed on Senate Legislative Calendar under General Orders. Calendar No. 541.'}",7417,House,H,"To designate the facility of the United States Postal Service located at 135 West Spring Street in Titusville, Pennsylvania, as the ""Edwin L. Drake Post Office Building"".",HR,2024-09-27,2024-10-01,https://api.congress.gov/v3/bill/118/hr/7417?format=json
118,"{'actionDate': '2024-09-25', 'text': 'Placed on Senate Legislative Calendar under General Orders. Calendar No. 544.'}",7893,House,H,"To designate the facility of the United States Postal Service located at 306 Pickens Street in Marion, Alabama, as the ""Albert Turner, Sr. Post Office Building"".",HR,2024-09-27,2024-10-01,https://api.congress.gov/v3/bill/118/hr/7893?format=json
118,"{'actionDate': '2024-09-25', 'text': 'Placed on Senate Legislative Calendar under General Orders. Calendar No. 535.'}",1823,House,H,"To designate the facility of the United States Postal Service located at 207 East Fort Dade Avenue in Brooksville, Florida, as the ""Specialist Justin Dean Coleman Memorial Post Office Building"".",HR,2024-09-27,2024-09-28,https://api.congress.gov/v3/bill/118/hr/1823?format=json
118,"{'actionDate': '2024-09-25', 'text': 'Placed on Senate Legislative Calendar under General Orders. Calendar No. 536.'}",3354,House,H,"To designate the facility of the United States Postal Service located at 220 North Hatcher Avenue in Purcellville, Virginia, as the ""Secretary of State Madeleine Albright Post Office Building"".",HR,2024-09-27,2024-10-01,https://api.congress.gov/v3/bill/118/hr/3354?format=json
118,"{'actionDate': '2024-09-25', 'text': 'Placed on Senate Legislative Calendar under General Orders. Calendar No. 540.'}",7385,House,H,"To designate the facility of the United States Postal Service located at 29 Franklin Street in Petersburg, Virginia, as the ""John Mercer Langston Post Office Building"".",HR,2024-09-27,2024-10-01,https://api.congress.gov/v3/bill/118/hr/7385?format=json
118,"{'actionDate': '2024-09-25', 'text': 'Placed on Senate Legislative Calendar under General Orders. Calendar No. 531.'}",3181,Senate,S,Michel O. Maceda Memorial Act,S,2024-10-01,2024-10-01,https://api.congress.gov/v3/bill/118/s/3181?format=json
118,"{'actionDate': '2024-09-25', 'text': 'Placed on Senate Legislative Calendar under General Orders. Calendar No. 532.'}",4404,Senate,S,"A bill to designate the facility of the United States Postal Service located at 840 Front Street in Casselton, North Dakota, as the ""Commander Delbert Austin Olson Post Office"".",S,2024-09-27,2024-10-01,https://api.congress.gov/v3/bill/118/s/4404?format=json
118,"{'actionDate': '2024-09-25', 'text': 'Placed on Senate Legislative Calendar under General Orders. Calendar No. 533.'}",4634,Senate,S,"A bill to designate the facility of the United States Postal Service located at 154 First Avenue East in Jerome, Idaho, as the ""Representative Maxine Bell Post Office"".",S,2024-09-27,2024-10-01,https://api.congress.gov/v3/bill/118/s/4634?format=json
118,"{'actionDate': '2024-09-25', 'text': 'Placed on Senate Legislative Calendar under General Orders. Calendar No. 534.'}",4803,Senate,S,"A bill to designate the facility of the United States Postal Service located at 31143 State Highway 65 in Pengilly, Minnesota, as the ""First Lieutenant Richard Arne Koski Post Office"".",S,2024-09-27,2024-10-01,https://api.congress.gov/v3/bill/118/s/4803?format=json
118,"{'actionDate': '2024-09-25', 'text': 'Placed on Senate Legislative Calendar under General Orders. Calendar No. 537.'}",6810,House,H,"To designate the facility of the United States Postal Service located at 518 North Ridgewood Drive in Sebring, Florida, as the ""U.S. Army Air Corps Major Thomas B. McGuire Post Office Building"".",HR,2024-09-27,2024-10-01,https://api.congress.gov/v3/bill/118/hr/6810?format=json
118,"{'actionDate': '2024-09-25', 'text': 'Placed on Senate Legislative Calendar under General Orders. Calendar No. 538.'}",6983,House,H,"To designate the facility of the United States Postal Service located at 15 South Valdosta Road in Lakeland, Georgia, as the ""Nell Patten Roquemore Post Office"".",HR,2024-09-27,2024-10-01,https://api.congress.gov/v3/bill/118/hr/6983?format=json
118,"{'actionDate': '2024-09-25', 'text': 'Placed on Senate Legislative Calendar under General Orders. Calendar No. 539.'}",7180,House,H,"To designate the facility of the United States Postal Service located at 80 1st Street in Kingsland, Arkansas, as the ""Kingsland 'Johnny Cash' Post Office"".",HR,2024-09-27,2024-10-01,https://api.congress.gov/v3/bill/118/hr/7180?format=json
118,"{'actionDate': '2024-09-25', 'text': 'Referred to the Committee on the Judiciary. (text: CR S6456)'}",875,Senate,S,"A resolution designating September 21, 2024, through September 29, 2024, as ""Blue Star Welcome Week"".",SRES,2024-09-26,2024-09-26,https://api.congress.gov/v3/bill/118/sres/875?format=json
118,"{'actionDate': '2024-09-25', 'text': 'Read twice and referred to the Committee on the Judiciary.'}",5291,Senate,S,A bill to require all aliens applying for a nonimmigrant visa who are unlawfully present in the United States to submit to an in person interview with a consular officer.,S,2024-09-26,2024-09-26,https://api.congress.gov/v3/bill/118/s/5291?format=json
118,"{'actionDate': '2024-09-25', 'text': 'Read twice and referred to the Committee on Environment and Public Works.'}",5290,Senate,S,"A bill to address the effect of litigation on applications to export liquefied natural gas, and for other purposes.",S,2024-09-26,2024-09-26,https://api.congress.gov/v3/bill/118/s/5290?format=json
118,"{'actionDate': '2024-09-25', 'text': 'Referred to the Committee on Commerce, Science, and Transportation. (text: CR S6456)'}",874,Senate,S,"A resolution honoring the Southeast Region Little League baseball team from Lake Mary, Florida, for winning the 2024 Little League Baseball World Series.",SRES,2024-09-26,2024-09-26,https://api.congress.gov/v3/bill/118/sres/874?format=json
118,"{'actionDate': '2024-09-25', 'text': 'Read twice and referred to the Committee on Energy and Natural Resources.'}",5288,Senate,S,"A bill to require the Secretary of Energy to establish a program to provide grants to States to award grants for the establishment of networked geothermal heating and cooling systems, and for other purposes.",S,2024-09-26,2024-09-26,https://api.congress.gov/v3/bill/118/s/5288?format=json
118,"{'actionDate': '2024-09-25', 'text': 'Read twice and referred to the Committee on Agriculture, Nutrition, and Forestry. (text: CR S6446-6447)'}",5289,Senate,S,"A bill to direct the Secretary of Agriculture and the Secretary of the Interior to carry out activities to provide for white oak restoration, and for other purposes.",S,2024-09-26,2024-09-26,https://api.congress.gov/v3/bill/118/s/5289?format=json
118,"{'actionDate': '2024-09-25', 'text': 'Read twice and referred to the Committee on Indian Affairs.'}",5287,Senate,S,"A bill to take certain Federal land in the State of Washington into trust for the Lower Elwha Klallam Tribe, and for other purposes.",S,2024-09-26,2024-09-26,https://api.congress.gov/v3/bill/118/s/5287?format=json
118,"{'actionDate': '2024-09-25', 'text': 'Read twice and referred to the Committee on Energy and Natural Resources.'}",5286,Senate,S,"A bill to prohibit certain exports of natural gas produced or refined in the United States, and for other purposes.",S,2024-09-26,2024-09-26,https://api.congress.gov/v3/bill/118/s/5286?format=json
118,"{'actionDate': '2024-09-25', 'text': 'Read twice and referred to the Committee on Finance.'}",5264,Senate,S,"A bill to suspend normal trade relations with the People's Republic of China and to increase the rates of duty applicable with respect to articles imported from the People's Republic of China, and for other purposes.",S,2024-09-26,2024-09-26,https://api.congress.gov/v3/bill/118/s/5264?format=json
118,"{'actionDate': '2024-09-25', 'text': 'Read twice and referred to the Committee on Commerce, Science, and Transportation.'}",5285,Senate,S,"A bill to stop the shipment of illicit synthetic drugs via transportation networks in the United States, and for other purposes.",S,2024-09-26,2024-09-26,https://api.congress.gov/v3/bill/118/s/5285?format=json
118,"{'actionDate': '2024-09-25', 'text': 'Read twice and referred to the Committee on Banking, Housing, and Urban Affairs.'}",5283,Senate,S,"A bill to award a Congressional Gold Medal to Robert M. Gates, in recognition of his service to the United States as an intelligence professional, Secretary of Defense, and educator and leader for young people of the United States.",S,2024-09-26,2024-09-26,https://api.congress.gov/v3/bill/118/s/5283?format=json
118,"{'actionDate': '2024-09-25', 'text': 'Read twice and referred to the Committee on Energy and Natural Resources.'}",5265,Senate,S,"A bill to take certain land into trust for the benefit of the Tonto Apache Tribe, and for other purposes.",S,2024-09-26,2024-09-26,https://api.congress.gov/v3/bill/118/s/5265?format=json
118,"{'actionDate': '2024-09-25', 'text': 'Read twice and referred to the Committee on Homeland Security and Governmental Affairs.'}",5267,Senate,S,A bill to require the Comptroller General of the United States to conduct an audit of the expenditures of the Federal Emergency Management Agency.,S,2024-09-26,2024-09-26,https://api.congress.gov/v3/bill/118/s/5267?format=json
118,"{'actionDate': '2024-09-25', 'text': ""Read twice and referred to the Committee on Veterans' Affairs.""}",5269,Senate,S,"A bill to amend title 38, United States Code, to establish a commission to review operations at the Veterans Health Administration and submit to Congress reports with respect to that review, and for other purposes.",S,2024-09-26,2024-09-26,https://api.congress.gov/v3/bill/118/s/5269?format=json
118,"{'actionDate': '2024-09-25', 'text': 'Read twice and referred to the Committee on the Judiciary.'}",5266,Senate,S,"A bill to require automatic sealing of certain criminal records, and for other purposes.",S,2024-09-26,2024-09-26,https://api.congress.gov/v3/bill/118/s/5266?format=json
118,"{'actionDate': '2024-09-25', 'text': 'Read twice and referred to the Committee on the Judiciary.'}",5268,Senate,S,"A bill to prohibit Federal judges from receiving certain gifts, and for other purposes.",S,2024-09-26,2024-09-26,https://api.congress.gov/v3/bill/118/s/5268?format=json
118,"{'actionDate': '2024-09-25', 'text': 'Read twice and referred to the Committee on Commerce, Science, and Transportation.'}",5282,Senate,S,"A bill to restrict car manufacturers and other companies from selling consumer car-related data, increase transparency regarding data practices, and for other purposes.",S,2024-09-26,2024-09-26,https://api.congress.gov/v3/bill/118/s/5282?format=json
118,"{'actionDate': '2024-09-25', 'text': 'Read twice and referred to the Committee on the Judiciary.'}",5270,Senate,S,"A bill to amend the Office of National Drug Control Prevention Act of 1998 to include new requirements for assessments and reports, and for other purposes.",S,2024-09-26,2024-09-26,https://api.congress.gov/v3/bill/118/s/5270?format=json
118,"{'actionDate': '2024-09-25', 'text': 'Read twice and referred to the Committee on Homeland Security and Governmental Affairs.'}",5281,Senate,S,A bill to amend the Disaster Recovery Reform Act of 2018 to require the President to automatically waive certain critical document fees for individuals and households affected by major disasters for which assistance is provided under the Individuals and Households Program.,S,2024-09-26,2024-09-26,https://api.congress.gov/v3/bill/118/s/5281?format=json
118,"{'actionDate': '2024-09-25', 'text': 'Read twice and referred to the Committee on the Judiciary.'}",5271,Senate,S,A bill to require the Administrator of the Drug Enforcement Administration to temporarily exempt buprenorphine from the Suspicious Orders Report System for the remainder of the opioid public health emergency.,S,2024-09-26,2024-09-26,https://api.congress.gov/v3/bill/118/s/5271?format=json
118,"{'actionDate': '2024-09-25', 'text': 'Referred to the Committee on the Judiciary. (text: CR S6455)'}",872,Senate,S,"A resolution recognizing the life and the death of Daniel J. Evans, former Senator for the State of Washington.",SRES,2024-09-26,2024-09-26,https://api.congress.gov/v3/bill/118/sres/872?format=json
118,"{'actionDate': '2024-09-25', 'text': 'Read twice and referred to the Committee on Finance.'}",5280,Senate,S,A bill to improve services provided to taxpayers by the Internal Revenue Service.,S,2024-09-26,2024-09-26,https://api.congress.gov/v3/bill/118/s/5280?format=json
118,"{'actionDate': '2024-09-25', 'text': 'Read twice and referred to the Committee on Homeland Security and Governmental Affairs.'}",5279,Senate,S,"A bill to require the head of each agency to establish a plan relating to the safety of Federal employees and contractors physically present at certain worksites during a nationwide public health emergency declared for an infectious disease, and for other purposes.",S,2024-09-26,2024-09-26,https://api.congress.gov/v3/bill/118/s/5279?format=json
118,"{'actionDate': '2024-09-25', 'text': 'Read twice and referred to the Committee on Foreign Relations.'}",5278,Senate,S,"A bill to provide additional authorities for the leadership of the United States Agency for International Development in health technology innovation for global health in low-resource settings, and for other purposes.",S,2024-09-26,2024-09-26,https://api.congress.gov/v3/bill/118/s/5278?format=json
118,"{'actionDate': '2024-09-25', 'text': ""Received in the Senate and Read twice and referred to the Committee on Veterans' Affairs.""}",7323,House,H,Montgomery GI Bill Selected Reserves Tuition Fairness Act of 2024,HR,2024-10-02,2024-10-02,https://api.congress.gov/v3/bill/118/hr/7323?format=json
118,"{'actionDate': '2024-09-25', 'text': ""Received in the Senate and Read twice and referred to the Committee on Veterans' Affairs.""}",6656,House,H,Stuck On Hold Act,HR,2024-10-01,2024-10-01,https://api.congress.gov/v3/bill/118/hr/6656?format=json
118,"{'actionDate': '2024-09-25', 'text': ""Received in the Senate and Read twice and referred to the Committee on Veterans' Affairs.""}",522,House,H,Deliver for Veterans Act,HR,2024-09-28,2024-09-28,https://api.congress.gov/v3/bill/118/hr/522?format=json
118,"{'actionDate': '2024-09-25', 'text': 'Read twice and referred to the Committee on Agriculture, Nutrition, and Forestry.'}",5277,Senate,S,"A bill to direct the Secretary of Agriculture to publish, on an annual basis, an assessment of United States dependency on critical agricultural products or inputs from the People's Republic of China, and for other purposes.",S,2024-09-26,2024-09-26,https://api.congress.gov/v3/bill/118/s/5277?format=json
118,"{'actionDate': '2024-09-25', 'text': 'Read twice and referred to the Committee on Armed Services.'}",5276,Senate,S,"A bill to require a roadmap for the future desired state for the solid rocket motor (SRM) industrial base, and for other purposes.",S,2024-09-26,2024-09-26,https://api.congress.gov/v3/bill/118/s/5276?format=json
118,"{'actionDate': '2024-09-25', 'text': 'Read twice and referred to the Committee on Finance.'}",5275,Senate,S,A bill to amend title XVIII of the Social Security Act to facilitate patient access to certain pediatric technologies.,S,2024-09-26,2024-09-26,https://api.congress.gov/v3/bill/118/s/5275?format=json
118,"{'actionDate': '2024-09-25', 'text': 'Read twice and referred to the Committee on Energy and Natural Resources.'}",5274,Senate,S,"A bill to amend the Energy Act of 2020 to include critical materials in the definition of critical mineral, and for other purposes.",S,2024-09-26,2024-09-26,https://api.congress.gov/v3/bill/118/s/5274?format=json
118,"{'actionDate': '2024-09-25', 'text': 'Read twice and referred to the Committee on Indian Affairs.'}",5273,Senate,S,"A bill to take certain land in the State of Washington into trust for the benefit of the Quinault Indian Nation, and for other purposes.",S,2024-09-26,2024-09-26,https://api.congress.gov/v3/bill/118/s/5273?format=json
118,"{'actionDate': '2024-09-25', 'actionTime': '19:09:14', 'text': 'Held at the desk.'}",815,Senate,S,Hello Girls Congressional Gold Medal Act of 2024,S,2024-09-26,2024-09-26,https://api.congress.gov/v3/bill/118/s/815?format=json
118,"{'actionDate': '2024-09-25', 'text': 'Read twice and referred to the Committee on Commerce, Science, and Transportation. (text: CR S6445-6446)'}",5272,Senate,S,"A bill to amend chapter 423 of title 49, United States Code, to provide protections with respect to frequent flyer programs and co-branded credit cards, and for other purposes.",S,2024-09-26,2024-09-26,https://api.congress.gov/v3/bill/118/s/5272?format=json
118,"{'actionDate': '2024-09-25', 'text': 'Referred to the Committee on Health, Education, Labor, and Pensions. (text: CR S6461-6462)'}",42,Senate,S,"A concurrent resolution recognizing the significance of equal pay and the disparity in wages paid to Latina women in comparison to White, non-Hispanic men.",SCONRES,2024-09-26,2024-09-26,https://api.congress.gov/v3/bill/118/sconres/42?format=json
118,"{'actionDate': '2024-09-25', 'text': 'Message on Senate action sent to the House.'}",9106,House,H,Enhanced Presidential Security Act of 2024,HR,2024-09-27,2024-09-27,https://api.congress.gov/v3/bill/118/hr/9106?format=json
118,"{'actionDate': '2024-09-25', 'text': 'Message on Senate action sent to the House.'}",5009,House,H,WILD Act,HR,2024-09-26,2024-09-26,https://api.congress.gov/v3/bill/118/hr/5009?format=json
118,"{'actionDate': '2024-09-25', 'text': 'Referred to the Committee on Health, Education, Labor, and Pensions. (text: CR S6455-6456)'}",873,Senate,S,"A resolution supporting the goals and ideals of Red Ribbon Week during the period of October 23 through October 31, 2024.",SRES,2024-09-26,2024-09-26,https://api.congress.gov/v3/bill/118/sres/873?format=json
118,"{'actionDate': '2024-09-25', 'text': 'Ordered to be Reported by Voice Vote.'}",9769,House,H,Strengthening Cyber Resilience Against State-Sponsored Threats Act,HR,2024-10-02,2024-10-02,https://api.congress.gov/v3/bill/118/hr/9769?format=json
118,"{'actionDate': '2024-09-25', 'text': 'Referred to the Committee on the Judiciary. (text: CR S6455)'}",871,Senate,S,"A resolution expressing support for the designation of October 2024 as ""National Youth Justice Action Month"".",SRES,2024-09-26,2024-09-26,https://api.congress.gov/v3/bill/118/sres/871?format=json
118,"{'actionDate': '2024-09-25', 'text': 'Read twice and referred to the Committee on Energy and Natural Resources.'}",5259,Senate,S,"A bill to require the Secretary of Energy to establish a program to increase participation in community solar programs and the receipt of associated benefits, and for other purposes.",S,2024-09-26,2024-09-26,https://api.congress.gov/v3/bill/118/s/5259?format=json
118,"{'actionDate': '2024-09-25', 'text': 'Read twice and referred to the Committee on Environment and Public Works.'}",5258,Senate,S,"A bill to amend the Migratory Bird Treaty Act to clarify the treatment of authentic Alaska Native articles of handicraft containing nonedible migratory bird parts, and for other purposes.",S,2024-09-26,2024-09-26,https://api.congress.gov/v3/bill/118/s/5258?format=json
118,"{'actionDate': '2024-09-25', 'text': 'Read twice and referred to the Committee on the Judiciary.'}",5257,Senate,S,A bill to amend the Camp Lejeune Justice Act of 2022 to make technical corrections.,S,2024-09-26,2024-09-26,https://api.congress.gov/v3/bill/118/s/5257?format=json
118,"{'actionDate': '2024-09-25', 'text': 'Read twice and referred to the Committee on Finance.'}",5256,Senate,S,"A bill to amend the Internal Revenue Code of 1986 to enhance the child tax credit, and for other purposes.",S,2024-09-26,2024-09-26,https://api.congress.gov/v3/bill/118/s/5256?format=json
118,"{'actionDate': '2024-09-25', 'text': 'Read twice and referred to the Committee on Environment and Public Works.'}",5263,Senate,S,"A bill to amend the National Environmental Policy Act of 1969 to require the Council on Environmental Quality to publish an annual report on environmental reviews and causes of action based on alleged non-compliance with that Act, and for other purposes.",S,2024-09-26,2024-09-26,https://api.congress.gov/v3/bill/118/s/5263?format=json
118,"{'actionDate': '2024-09-25', 'text': 'Referred to the Committee on the Judiciary. (text: CR S6454-6455)'}",870,Senate,S,"A resolution designating the week of September 15 through September 21, 2024, as ""Community School Coordinators Appreciation Week"".",SRES,2024-09-26,2024-09-26,https://api.congress.gov/v3/bill/118/sres/870?format=json
118,"{'actionDate': '2024-09-25', 'text': 'Referred to the Committee on the Judiciary. (text: CR S6453-6454)'}",869,Senate,S,"A resolution designating the week beginning November 11, 2024, as ""National Pregnancy Center Week"" to recognize the vital role that community-supported pregnancy centers play in saving lives and serving women and men faced with difficult pregnancy decisions.",SRES,2024-09-26,2024-09-26,https://api.congress.gov/v3/bill/118/sres/869?format=json
118,"{'actionDate': '2024-09-25', 'text': 'Read twice and referred to the Committee on Finance.'}",5262,Senate,S,"A bill to address maternity care shortages and promote optimal maternity outcomes by expanding access to birth centers and exploring more effective payment models for birth center care, and for other purposes.",S,2024-09-26,2024-09-26,https://api.congress.gov/v3/bill/118/s/5262?format=json
118,"{'actionDate': '2024-09-25', 'text': 'Read twice and referred to the Committee on Health, Education, Labor, and Pensions.'}",5261,Senate,S,"A bill to authorize the Secretary of Education to provide grants to local educational agencies to cover the costs of challenges to determinations not to discontinue the use of specific instructional materials, or the availability of specific school library materials, in public elementary and secondary schools, and for other purposes.",S,2024-09-26,2024-09-26,https://api.congress.gov/v3/bill/118/s/5261?format=json
118,"{'actionDate': '2024-09-25', 'text': 'Read twice and referred to the Committee on Indian Affairs.'}",5227,Senate,S,"A bill to reaffirm and clarify the Federal relationships of the Grand River Bands of Ottawa Indians of Michigan as a federally recognized Indian tribe, and for other purposes.",S,2024-09-26,2024-09-26,https://api.congress.gov/v3/bill/118/s/5227?format=json
118,"{'actionDate': '2024-09-25', 'text': 'Read twice and referred to the Committee on Finance.'}",5260,Senate,S,"A bill to amend title XIX of the Social Security Act to require the Secretary of Health and Human Services to make certain information available on a public website relating to intermediate care facilities for individuals with intellectual disabilities certified for participation under the Medicaid program, and for other purposes.",S,2024-09-26,2024-09-26,https://api.congress.gov/v3/bill/118/s/5260?format=json
118,"{'actionDate': '2024-09-25', 'text': 'Read twice and referred to the Committee on Health, Education, Labor, and Pensions.'}",5226,Senate,S,A bill to establish a program to address sickle cell disease and other heritable hemoglobinopathies.,S,2024-09-26,2024-09-26,https://api.congress.gov/v3/bill/118/s/5226?format=json
118,"{'actionDate': '2024-09-25', 'text': 'Received in the Senate and Read twice and referred to the Committee on Agriculture, Nutrition, and Forestry.'}",1657,House,H,Lake Winnibigoshish Land Exchange Act of 2024,HR,2024-10-02,2024-10-02,https://api.congress.gov/v3/bill/118/hr/1657?format=json
118,"{'actionDate': '2024-09-25', 'text': 'Received in the Senate and Read twice and referred to the Committee on Agriculture, Nutrition, and Forestry.'}",1726,House,H,Continued Rapid Ohia Death Response Act of 2023,HR,2024-10-01,2024-10-01,https://api.congress.gov/v3/bill/118/hr/1726?format=json
118,"{'actionDate': '2024-09-25', 'text': 'Received in the Senate and Read twice and referred to the Committee on Health, Education, Labor, and Pensions.'}",4259,House,H,Think Differently about Education Act of 2023,HR,2024-10-01,2024-10-01,https://api.congress.gov/v3/bill/118/hr/4259?format=json
118,"{'actionDate': '2024-09-25', 'text': 'Received in the Senate and Read twice and referred to the Committee on Homeland Security and Governmental Affairs.'}",5302,House,H,Michel O. Maceda Memorial Act,HR,2024-10-02,2024-10-02,https://api.congress.gov/v3/bill/118/hr/5302?format=json
118,"{'actionDate': '2024-09-25', 'text': 'Read twice and referred to the Committee on the Judiciary.'}",5252,Senate,S,"A bill to amend title 18, United States Code to require accountability in deferred prosecution agreements, and for other purposes.",S,2024-09-26,2024-09-26,https://api.congress.gov/v3/bill/118/s/5252?format=json
118,"{'actionDate': '2024-09-25', 'text': 'Received in the Senate and Read twice and referred to the Committee on Energy and Natural Resources.'}",5509,House,H,Electronic Permitting Modernization Act,HR,2024-10-01,2024-10-01,https://api.congress.gov/v3/bill/118/hr/5509?format=json
118,"{'actionDate': '2024-09-25', 'text': 'Received in the Senate.'}",5646,House,H,Stop Campus Hazing Act,HR,2024-09-27,2024-09-27,https://api.congress.gov/v3/bill/118/hr/5646?format=json
118,"{'actionDate': '2024-09-25', 'text': 'Received in the Senate and Read twice and referred to the Committee on Energy and Natural Resources.'}",6474,House,H,To amend the Energy Policy Act of 2005 to expedite geothermal exploration and development in previously studied or developed areas.,HR,2024-09-27,2024-09-28,https://api.congress.gov/v3/bill/118/hr/6474?format=json
118,"{'actionDate': '2024-09-25', 'text': 'Read twice and referred to the Committee on Commerce, Science, and Transportation.'}",5253,Senate,S,"A bill to amend the Marine Mammal Protection Act of 1972 to protect the cultural practices and livelihoods of producers of Alaska Native handicrafts and marine mammal ivory products, and for other purposes.",S,2024-09-26,2024-09-26,https://api.congress.gov/v3/bill/118/s/5253?format=json
118,"{'actionDate': '2024-09-25', 'text': 'Received in the Senate and Read twice and referred to the Committee on Energy and Natural Resources.'}",6852,House,H,Holcombe Rucker Park National Commemorative Site Act,HR,2024-10-01,2024-10-01,https://api.congress.gov/v3/bill/118/hr/6852?format=json
118,"{'actionDate': '2024-09-25', 'text': 'Read twice and referred to the Committee on Foreign Relations.'}",116,Senate,S,A joint resolution providing for congressional disapproval of the proposed enhancement or upgrade of sensitivity of technology or capability of certain major defense equipment for the Government of Israel.,SJRES,2024-10-01,2024-10-01,https://api.congress.gov/v3/bill/118/sjres/116?format=json
118,"{'actionDate': '2024-09-25', 'text': 'Received in the Senate and Read twice and referred to the Committee on Energy and Natural Resources.'}",7370,House,H,GEO Act,HR,2024-10-01,2024-10-01,https://api.congress.gov/v3/bill/118/hr/7370?format=json
